scenario,scheduler,n,workers,split_depth,abp_capacity,chase_log_capacity,steal_attempt_budget,elapsed_seconds_median,elapsed_seconds_mean,elapsed_seconds_std,elapsed_seconds_min,elapsed_seconds_max,speedup_median,speedup_mean,speedup_std,speedup_min,speedup_max,tasks_per_second_median,tasks_per_second_mean,tasks_per_second_std,tasks_per_second_min,tasks_per_second_max,successful_steals_median,successful_steals_mean,successful_steals_std,successful_steals_min,successful_steals_max,failed_steal_attempts_median,failed_steal_attempts_mean,failed_steal_attempts_std,failed_steal_attempts_min,failed_steal_attempts_max,steal_aborts_median,steal_aborts_mean,steal_aborts_std,steal_aborts_min,steal_aborts_max,idle_seconds_median,idle_seconds_mean,idle_seconds_std,idle_seconds_min,idle_seconds_max,load_stddev_median,load_stddev_mean,load_stddev_std,load_stddev_min,load_stddev_max,load_range_median,load_range_mean,load_range_std,load_range_min,load_range_max,abp_overflows_median,abp_overflows_mean,abp_overflows_std,abp_overflows_min,abp_overflows_max,chase_lev_resizes_median,chase_lev_resizes_mean,chase_lev_resizes_std,chase_lev_resizes_min,chase_lev_resizes_max,inline_overflow_tasks_median,inline_overflow_tasks_mean,inline_overflow_tasks_std,inline_overflow_tasks_min,inline_overflow_tasks_max
abp_capacity,abp,13,8,7,4,4,0,0.109095,0.11419299999999999,0.013208701828718828,0.104293,0.129191,0.335844906,0.3235855286666667,0.03547831072311409,0.283603347,0.351308333,4504184.426417,4339767.772778333,475817.41516600887,3803546.686689,4711572.205229,9431.0,9054.666666666666,2918.753215558543,5966,11767,9120.0,6824.333333333333,4137.460130724324,2048,9305,529.0,518.3333333333334,325.13125554663816,188,838,4.2e-05,3.2e-05,2.3643180835073777e-05,5e-06,4.9e-05,6702.865861,7373.541578666667,1331.1897883680383,6511.084875,8906.674,20052.0,21768.333333333332,4216.197378365171,18681,26572,429519.0,435588.3333333333,17078.93747670894,422373,454873,0.0,0.0,0.0,0,0,429519.0,435588.3333333333,17078.93747670894,422373,454873
abp_capacity,abp,13,8,7,8,4,0,0.100735,0.10113466666666666,0.003820212079627683,0.09753,0.105139,0.363716682,0.3626224136666667,0.01362673783808043,0.348481534,0.375669025,4877986.797042,4863311.011798333,182755.01354699596,4673660.582657,5038285.655696,1030.0,994.0,435.11837469819636,542,1410,999.0,898.0,314.8920449932008,545,1150,83.0,85.0,23.065125189341593,63,109,3e-06,4.333333333333334e-06,2.3094010767585027e-06,3e-06,7e-06,5906.675355,6511.459822666667,2134.4189128030475,4744.692588,8883.011525,19112.0,21405.0,7101.783508387171,15733,29370,390659.0,391094.0,18202.398770491764,373113,409510,0.0,0.0,0.0,0,0,390659.0,391094.0,18202.398770491764,373113,409510
abp_capacity,abp,13,8,7,16,4,0,0.125873,0.132791,0.01592031855837062,0.1215,0.151,0.291079104,0.2784256813333333,0.031428844834982116,0.242642384,0.301555556,3903807.806281,3734106.412993333,421507.9924390109,3254198.675497,4044312.757202,201.0,202.33333333333334,13.051181300301257,190,216,141.0,1250.6666666666667,1970.6953933404657,85,3526,4.0,8.333333333333334,8.386497083606084,3,18,1e-06,1.7333333333333332e-05,2.8290163190291665e-05,1e-06,5e-05,7087.177488,7189.152952666667,599.5479369319916,6647.13269,7833.14868,23780.0,24771.666666666668,1760.2228078664734,23731,26804,174112.0,179804.33333333334,12048.196393374961,171657,193644,0.0,0.0,0.0,0,0,174112.0,179804.33333333334,12048.196393374961,171657,193644
abp_capacity,abp,13,8,7,32,4,0,0.146231,0.15372033333333335,0.018788973929763513,0.139831,0.175099,0.250555628,0.24060880366666668,0.027758489651011214,0.20924734,0.262023443,3360327.153613,3226925.305895,372283.0196187893,2806320.995551,3514127.768521,187.0,188.33333333333334,35.0190424388408,154,224,112.0,122.33333333333333,36.610563138708116,92,163,7.0,7.0,1.0,6,8,0.0,3.333333333333333e-07,5.773502691896258e-07,0.0,1e-06,3869.052888,3918.5712646666666,484.5606187184795,3460.671214,4425.989692,11439.0,11666.0,1973.3167510564542,9816,13743,3829.0,3802.3333333333335,810.329151230124,2979,4599,0.0,0.0,0.0,0,0,3829.0,3802.3333333333335,810.329151230124,2979,4599
abp_capacity,abp,13,8,7,64,4,0,0.142943,0.14770566666666665,0.022604487836120808,0.127862,0.172312,0.256318952,0.25183393833333334,0.037163227178308715,0.212631738,0.286551125,3437621.989185,3377471.2202606667,498414.67806681106,2851710.850086,3843080.821511,209.0,207.0,20.074859899884732,186,226,154.0,338.3333333333333,330.5969348516912,141,720,9.0,12.666666666666666,7.234178138070234,8,21,0.0,6.666666666666666e-07,1.1547005383792516e-06,0.0,2e-06,3136.867107,3691.161877666667,1107.252788569392,2970.523355,4966.095171,10727.0,12463.333333333334,3335.6628027025354,10354,16309,0.0,0.0,0.0,0,0,0.0,0.0,0.0,0,0,0.0,0.0,0.0,0,0
abp_capacity,abp,13,8,7,128,4,0,0.145247,0.14536933333333332,0.0005881210192922328,0.144852,0.146009,0.252253059,0.252043526,0.0010184693332000267,0.250936586,0.252940933,3383092.249754,3380282.1009790003,13659.200485374215,3365436.37721,3392317.675973,232.0,225.0,25.238858928247925,197,246,150.0,141.33333333333334,29.955522584881294,108,166,6.0,6.333333333333333,0.5773502691896257,6,7,1e-06,6.666666666666666e-07,5.773502691896258e-07,0.0,1e-06,3786.03711,4167.184223,1036.2443508542217,3375.491261,5340.024298,11173.0,13524.666666666666,4848.02561186854,10301,19100,0.0,0.0,0.0,0,0,0.0,0.0,0.0,0,0,0.0,0.0,0.0,0,0
abp_capacity,abp,13,8,7,256,4,0,0.146933,0.15048433333333333,0.02206043973571999,0.130415,0.174105,0.249358551,0.246914045,0.03531333042523058,0.210441975,0.280941609,3344272.559602,3311488.0630309996,473604.7860840771,2822342.839091,3767848.7904,218.0,208.33333333333334,25.890796305508513,179,228,1483.0,1463.6666666666667,1297.1080654029306,157,2751,12.0,12.0,1.0,11,13,2.2e-05,1.7666666666666668e-05,1.5947831618540915e-05,0.0,3.1e-05,3654.993365,4129.461882333333,1145.885232656214,3297.017364,5436.374918,11194.0,13330.0,4069.7047804478398,10773,18023,0.0,0.0,0.0,0,0,0.0,0.0,0.0,0,0,0.0,0.0,0.0,0,0
abp_capacity,abp,13,8,7,512,4,0,0.172111,0.15715833333333332,0.02690961912278457,0.126093,0.173271,0.21288006,0.23830206466666667,0.04527204642639538,0.211454889,0.290571245,2855041.223397,3195988.473357,607166.1163375261,2835927.535479,3896996.661195,225.0,211.66666666666666,40.67349669420289,166,244,161.0,145.0,29.46183972531247,111,163,6.0,5.666666666666667,2.5166114784235836,3,8,1e-06,1e-06,1e-06,0.0,2e-06,3415.960297,3150.0477480000004,680.4493189746473,2376.795321,3657.387626,10623.0,10477.666666666666,2706.9276557258295,7701,13109,0.0,0.0,0.0,0,0,0.0,0.0,0.0,0,0,0.0,0.0,0.0,0,0
abp_capacity,abp,13,8,7,1024,4,0,0.145012,0.15277266666666667,0.014999074682570682,0.143244,0.170062,0.252661849,0.241295717,0.022441650550471648,0.215444955,0.255780347,3388574.738642,3236137.847107,300976.2231690547,2889440.321765,3430398.480914,209.0,228.33333333333334,48.01388688008223,193,283,144.0,147.66666666666666,13.868429375143151,136,163,6.0,6.0,4.0,2,10,0.0,3.333333333333333e-07,5.773502691896258e-07,0.0,1e-06,3951.123701,3798.372564,620.5146426635845,3115.747262,4328.246729,13743.0,12327.666666666666,3024.5001790929578,8855,14385,0.0,0.0,0.0,0,0,0.0,0.0,0.0,0,0,0.0,0.0,0.0,0,0
abp_capacity,abp,13,8,7,4096,4,0,0.168356,0.161119,0.015992739258801167,0.142787,0.172214,0.217628121,0.22899328300000002,0.02403120126162152,0.212752738,0.25659899,2918719.855544,3071143.738343,322294.48973037285,2853333.643026,3441377.716459,188.0,192.0,17.349351572897472,177,211,129.0,183.33333333333334,107.36076254075942,114,307,4.0,4.0,0.0,4,4,1e-06,1.3333333333333332e-06,1.5275252316519468e-06,0.0,3e-06,3514.530232,3890.3086146666665,935.8044401449033,3200.802282,4955.59333,11053.0,12208.666666666666,2022.4935929029127,11029,14544,0.0,0.0,0.0,0,0,0.0,0.0,0.0,0,0,0.0,0.0,0.0,0,0
chaselev_resize,chaselev,13,8,7,4096,1,0,0.153091,0.160821,0.015412733826287927,0.150803,0.178569,0.239328243,0.22915626366666667,0.020842249567342198,0.20518119,0.242959358,3209751.063093,3073329.5509983334,279525.85283928755,2751787.824314,3258449.765588,191.0,187.33333333333334,19.756855350316588,166,205,262.0,330.6666666666667,202.9096679148959,171,559,9.0,8.0,1.7320508075688772,6,9,2e-06,2e-06,1.0000000000000002e-06,1e-06,3e-06,6506.56359,7180.676796666667,1187.3211921103766,6483.852289,8551.614511,20543.0,21417.333333333332,3145.011976659761,18802,24907,0.0,0.0,0.0,0,0,40.0,39.666666666666664,0.5773502691896247,39,40,0.0,0.0,0.0,0,0
chaselev_resize,chaselev,13,8,7,4096,2,0,0.160416,0.15999266666666667,0.01827267822004573,0.141512,0.17805,0.22839991,0.23103003000000003,0.026663283275415003,0.205779275,0.258910905,3063185.717135,3098459.5756586664,357594.65847214096,2759809.042404,3472383.967437,208.0,219.66666666666666,25.57994005726623,202,249,388.0,457.6666666666667,182.74663699596044,320,665,11.0,10.0,3.605551275463989,6,13,4e-06,1.0666666666666666e-05,1.4224392195567912e-05,1e-06,2.7e-05,6604.641001,8427.455615,5151.204522547021,4435.505073,14242.220771,20815.0,26714.666666666668,19007.080426339373,11357,47972,0.0,0.0,0.0,0,0,32.0,32.0,0.0,32,32,0.0,0.0,0.0,0,0
chaselev_resize,chaselev,13,8,7,4096,3,0,0.154818,0.15611366666666668,0.002362918604889592,0.154682,0.158841,0.236658528,0.23472991966666668,0.0035221835918481555,0.230664627,0.236866604,3173946.181969,3148080.6462556664,47237.77027295762,3093558.967773,3176736.789025,193.0,214.0,38.118237105091836,191,258,278.0,397.3333333333333,258.5523802507595,220,694,5.0,7.0,4.358898943540674,4,12,4e-06,3.333333333333333e-06,3.0550504633038936e-06,0.0,6e-06,8472.963,8547.935059,1557.993970281651,7028.780602,10142.061575,26302.0,25331.0,2550.1347023245653,22438,27253,0.0,0.0,0.0,0,0,24.0,24.0,0.0,24,24,0.0,0.0,0.0,0,0
chaselev_resize,chaselev,13,8,7,4096,4,0,0.159138,0.15031866666666668,0.015937365664793327,0.131921,0.159897,0.230234136,0.245703266,0.027745159029562535,0.22914126,0.277734402,3087785.44408,3295249.696182333,372104.2363347488,3073128.32636,3724835.318107,204.0,202.66666666666666,4.163331998932267,198,206,330.0,268.0,108.25433016743487,143,331,13.0,12.666666666666666,1.5275252316519468,11,14,2e-06,2.3333333333333336e-06,2.5166114784235835e-06,0.0,5e-06,11502.579156,10568.827805666666,6267.065439313398,3887.276714,16316.627547,30304.0,28410.333333333332,14484.638495086212,13072,41855,0.0,0.0,0.0,0,0,16.0,16.0,0.0,16,16,0.0,0.0,0.0,0,0
chaselev_resize,chaselev,13,8,7,4096,5,0,0.15317,0.15812933333333332,0.019068966446384387,0.14203,0.179188,0.239204805,0.23388127666666667,0.027141538267256748,0.204472398,0.257966627,3208095.580074,3136699.0689390004,364008.7795448359,2742281.849231,3459719.777512,197.0,218.66666666666666,39.272551907577046,195,264,136.0,170.0,99.45853407325085,92,282,6.0,7.333333333333333,4.163331998932265,4,12,0.0,6.666666666666666e-07,1.1547005383792516e-06,0.0,2e-06,6585.650879,9283.568399,7187.944049951746,3834.919458,17430.13486,20882.0,26432.0,20321.58704432309,9462,48952,0.0,0.0,0.0,0,0,7.0,7.333333333333333,0.5773502691896257,7,8,0.0,0.0,0.0,0,0
chaselev_resize,chaselev,13,8,7,4096,6,0,0.155417,0.158938,0.013413686555157017,0.147636,0.173761,0.235746411,0.23159206066666668,0.01900003210167303,0.210858593,0.248171178,3161713.326084,3105997.2478483333,254818.95532029352,2827930.318081,3328348.09938,174.0,203.66666666666666,65.72924260428789,158,279,182.0,151.0,59.85816569190874,82,189,11.0,9.0,3.4641016151377544,5,11,1e-06,6.666666666666666e-07,5.773502691896258e-07,0.0,1e-06,12490.635923,14291.134264333334,5365.944235551173,10056.988453,20325.778417,32646.0,38668.666666666664,13497.4807402468,29231,54129,0.0,0.0,0.0,0,0,0.0,0.0,0.0,0,0,0.0,0.0,0.0,0,0
chaselev_resize,chaselev,13,8,7,4096,7,0,0.155156,0.15740666666666667,0.005715614956707047,0.153159,0.163905,0.236142979,0.23296766300000002,0.008310151869568445,0.223538025,0.239221985,3167031.890484,3124446.1386720003,111451.61206398226,2997980.537506,3208325.988026,211.0,207.66666666666666,51.081634011974735,155,257,321.0,354.3333333333333,141.96595836091598,232,510,8.0,8.0,1.0,7,9,2e-06,2.333333333333333e-06,5.773502691896259e-07,2e-06,3e-06,9215.08733,8794.375350666667,3740.256280312759,4861.551347,12306.487375,25536.0,24482.333333333332,11210.698565804601,12782,35129,0.0,0.0,0.0,0,0,0.0,0.0,0.0,0,0,0.0,0.0,0.0,0,0
granularity,abp,13,8,2,4096,4,0,0.013119,0.013364666666666669,0.0004403116320668042,0.013102,0.013873,2.792819575,2.743430734666667,0.08870071791634603,2.641029338,2.796443291,11128.89702,10932.091138666665,353.4568315216737,10524.039501,11143.336895,53.0,59.0,11.269427669584644,52,72,28124.0,28826.666666666668,8006.159774407037,21195,37161,0.0,0.3333333333333333,0.5773502691896258,0,1,0.000443,0.00041433333333333334,0.00010206533855003534,0.000301,0.000499,2.58602,2.601398,0.0730875957943617,2.537223,2.680951,8.0,8.333333333333334,0.5773502691896258,8,9,0.0,0.0,0.0,0,0,0.0,0.0,0.0,0,0,0.0,0.0,0.0,0,0
granularity,abp,13,8,3,4096,4,0,0.012623,0.012891333333333333,0.0008672152750807226,0.01219,0.013861,2.902558821,2.8505116586666666,0.18669515911327755,2.643315778,3.005660377,93163.27339,91492.718438,5992.3444218623235,84842.363466,96472.518458,91.0,97.33333333333333,20.256686138984666,81,120,3801.0,3666.0,438.37769103821876,3176,4021,0.0,0.0,0.0,0,0,4.6e-05,4.766666666666667e-05,3.78593889720018e-06,4.5e-05,5.2e-05,23.205603,26.013733666666667,5.177208302860271,22.847319,31.988279,77.0,80.66666666666667,11.930353445448855,71,94,0.0,0.0,0.0,0,0,0.0,0.0,0.0,0,0,0.0,0.0,0.0,0,0
granularity,abp,13,8,4,4096,4,0,0.014317,0.014201666666666668,0.0005334344695774104,0.01362,0.014668,2.559125515,2.5823667256666667,0.09818591732290288,2.497886556,2.690088106,529440.52525,534248.7453146667,20313.03400231614,516771.202618,556534.508076,119.0,135.66666666666666,30.615900008546763,117,171,822.0,810.0,140.38518440348327,664,944,1.0,0.6666666666666666,0.5773502691896258,0,1,1.2e-05,1.2666666666666667e-05,4.04145188432738e-06,9e-06,1.7e-05,125.692084,127.92333233333333,21.1643947886008,107.962957,150.114956,423.0,418.3333333333333,55.14828495368948,361,471,0.0,0.0,0.0,0,0,0.0,0.0,0.0,0,0,0.0,0.0,0.0,0,0
granularity,abp,13,8,5,4096,4,0,0.008885,0.009047333333333333,0.0003832183885636673,0.008772,0.009485,4.123691615,4.054446752333334,0.1680519362816982,3.862836057,4.176812585,4353404.614519,4280302.420559,177413.38203999863,4078017.923036,4409484.724122,144.0,167.66666666666666,56.35896852616568,127,232,147.0,185.66666666666666,78.50053078376817,134,276,2.0,4.0,4.358898943540674,1,9,0.0,0.0,0.0,0.0,0.0,854.579282,882.2035073333333,186.05498435872582,711.505095,1080.526145,2780.0,2819.6666666666665,349.1938334697984,2492,3187,0.0,0.0,0.0,0,0,0.0,0.0,0.0,0,0,0.0,0.0,0.0,0,0
granularity,abp,13,8,6,4096,4,0,0.02528,0.02528,0.0008139999999999988,0.024466,0.026094,1.449327532,1.450330346,0.04672393579532264,1.404115889,1.497547617,6185680.379747,6189960.356371666,199416.16220638246,5992718.632636,6391482.056732,186.0,193.0,20.42057785666214,177,216,187.0,186.33333333333334,27.006172134038795,159,213,10.0,8.333333333333334,3.785938897200183,4,11,1e-06,1e-06,1e-06,0.0,2e-06,1721.304937,1900.1534760000002,539.7094657984179,1472.570775,2506.584716,5933.0,6462.333333333333,2261.9395070013106,4512,8942,0.0,0.0,0.0,0,0,0.0,0.0,0.0,0,0,0.0,0.0,0.0,0,0
granularity,abp,13,8,7,4096,4,0,0.079074,0.08396100000000001,0.008661863714005201,0.078847,0.093962,0.463350785,0.439323261,0.04277735662416312,0.389934229,0.464684769,6214229.70888,5891984.533792667,573708.5827998407,5229603.456717,6232120.435781,212.0,212.33333333333334,52.50079364479487,160,265,153.0,476.0,609.4825674291267,96,1179,6.0,7.666666666666667,2.8867513459481287,6,11,0.0,2e-06,3.4641016151377547e-06,0.0,6e-06,3123.644586,3827.845793666667,1278.7768055849765,3055.959915,5303.93288,9892.0,11063.333333333334,3142.243200857205,8675,14623,0.0,0.0,0.0,0,0,0.0,0.0,0.0,0,0,0.0,0.0,0.0,0,0
granularity,abp,13,8,8,4096,4,0,0.344977,0.361208,0.06311858397492769,0.30779,0.430857,0.10620708,0.10342784333333332,0.01717026318580785,0.085037495,0.119038955,3475831.722115,3384875.8289449997,561930.0093881012,2783016.17474,3895779.58998,231.0,229.66666666666666,5.1316014394468805,224,234,1512.0,1151.0,801.0287135927151,233,1708,13.0,13.666666666666666,2.0816659994661326,12,16,1e-05,8e-06,5.2915026221291815e-06,2e-06,1.2e-05,6795.707869,6106.284979,1818.1265538289779,4044.277338,7478.86973,19060.0,17677.0,5432.18363091676,11687,22284,0.0,0.0,0.0,0,0,0.0,0.0,0.0,0,0,0.0,0.0,0.0,0,0
granularity,chaselev,13,8,2,4096,4,0,0.013167,0.013606,0.0007768828740550284,0.013148,0.014503,2.782638414,2.6985342946666666,0.14916857978012496,2.526304902,2.786659568,11088.326878,10753.186688,594.4106723783774,10066.882714,11104.350472,56.0,56.666666666666664,8.020806277010644,49,65,3598.0,3870.0,602.0,3452,4560,0.0,0.0,0.0,0,0,5.9e-05,5.266666666666666e-05,1.0969655114602886e-05,4e-05,5.9e-05,2.727178,2.7572376666666667,0.0520648699252512,2.727178,2.817357,9.0,9.333333333333334,0.5773502691896255,9,10,0.0,0.0,0.0,0,0,1.0,1.0,0.0,1,1,0.0,0.0,0.0,0,0
granularity,chaselev,13,8,3,4096,4,0,0.013123,0.013477000000000001,0.0006393027451841585,0.013093,0.014215,2.7919683,2.722607469,0.12571735257032593,2.577488568,2.798365539,89613.655414,87387.38457966666,4035.143051290517,82729.51108,89818.987245,92.0,89.0,6.082762530298219,82,93,593.0,619.0,49.42671342502959,588,676,1.0,0.6666666666666666,0.5773502691896258,0,1,6e-06,6.666666666666666e-06,2.0816659994661327e-06,5e-06,9e-06,20.493902,19.20057033333333,3.3364889920442313,15.411035,21.696774,66.0,59.333333333333336,11.547005383792515,46,66,0.0,0.0,0.0,0,0,8.0,7.666666666666667,0.5773502691896258,7,8,0.0,0.0,0.0,0,0
granularity,chaselev,13,8,4,4096,4,0,0.015241,0.015130666666666667,0.00043804832305732435,0.014648,0.015503,2.403976117,2.4228740836666667,0.07088912311579446,2.363349029,2.501297105,497342.694049,501252.36922166665,14665.781112063856,488937.624976,517476.78864,116.0,130.66666666666666,28.041635710730812,113,163,214.0,253.0,121.29715577869086,156,389,2.0,2.6666666666666665,1.1547005383792515,2,4,6e-06,4.333333333333334e-06,2.886751345948129e-06,1e-06,6e-06,154.816827,136.542315,33.68299733086163,97.671644,157.138474,516.0,459.6666666666667,109.02446208687908,334,529,0.0,0.0,0.0,0,0,9.0,9.0,0.0,9,9,0.0,0.0,0.0,0,0
granularity,chaselev,13,8,5,4096,4,0,0.009727,0.009882333333333333,0.0004831069584815908,0.009496,0.010424,3.766731778,3.7133209083333334,0.17786570543709,3.514869532,3.858361415,3976560.09047,3920173.9329833332,187773.8336760113,3710667.689946,4073294.018534,153.0,152.0,5.5677643628300215,146,157,150.0,159.66666666666666,26.83902631120089,139,190,8.0,7.0,2.6457513110645907,4,9,0.0,3.333333333333333e-07,5.773502691896258e-07,0.0,1e-06,682.739518,693.2089673333334,40.418014537339836,659.055764,737.83162,2296.0,2194.6666666666665,179.86198412486533,1987,2301,0.0,0.0,0.0,0,0,9.0,9.0,0.0,9,9,0.0,0.0,0.0,0,0
granularity,chaselev,13,8,6,4096,4,0,0.02956,0.029566,0.0006540206418760812,0.028915,0.030223,1.239479026,1.2396318226666667,0.027419886297785814,1.212288654,1.267127788,5290054.127199,5290706.259944,117027.13777403206,5174006.551302,5408058.101331,223.0,210.33333333333334,45.34681172181053,160,248,449.0,413.0,234.08545448190497,163,627,7.0,6.666666666666667,2.516611478423583,4,9,1e-06,2e-06,1.7320508075688771e-06,1e-06,4e-06,2242.318485,2775.343078,1760.7358840277493,1342.707223,4741.003526,6419.0,7809.666666666667,4918.722022368548,3736,13274,0.0,0.0,0.0,0,0,15.0,15.0,1.0,14,16,0.0,0.0,0.0,0,0
granularity,chaselev,13,8,7,4096,4,0,0.091829,0.09244466666666666,0.011826525032034272,0.080938,0.104567,0.398991604,0.4006864076666667,0.051167075158697395,0.35038779,0.452679829,5351076.457328,5373806.317891,686227.302782049,4699226.333356,6071116.162989,210.0,196.33333333333334,30.85989846602437,161,218,566.0,534.3333333333334,135.3082899652986,386,651,5.0,5.333333333333333,2.516611478423583,3,8,3e-06,3e-06,1.0000000000000002e-06,2e-06,4e-06,9622.978138,9169.972559666667,5802.68213957616,3154.064838,14732.874703,26127.0,25115.0,15438.895815439651,9195,40023,0.0,0.0,0.0,0,0,16.0,15.666666666666666,0.5773502691896255,15,16,0.0,0.0,0.0,0,0
granularity,chaselev,13,8,8,4096,4,0,0.3847,0.405713,0.049671087495644785,0.370002,0.462437,0.095240447,0.09116482933333332,0.010507331786244611,0.079230252,0.099023789,3116927.475955,2983545.017969333,343872.71837962564,2592962.933329,3240744.644624,233.0,224.33333333333334,45.62163229580166,175,265,142.0,161.66666666666666,59.96943666012991,114,229,9.0,9.0,2.0,7,11,0.0,3.333333333333333e-07,5.773502691896258e-07,0.0,1e-06,10531.484555,13673.428731,9108.535050458084,6551.786088,23937.01555,34795.0,38708.666666666664,21909.250565305363,19020,62311,0.0,0.0,0.0,0,0,16.0,16.0,0.0,16,16,0.0,0.0,0.0,0,0
granularity,global,13,8,2,4096,4,0,0.009694,0.010454333333333335,0.0016477834606929802,0.009324,0.012345,3.779554364,3.5590044266666667,0.5173560581172895,2.967922236,3.92953668,15060.862389,14182.009504666667,2061.5733090426343,11826.650466,15658.515659,0.0,0.0,0.0,0,0,0.0,0.0,0.0,0,0,0.0,0.0,0.0,0,0,0.000174,0.00017266666666666667,4.301550108197432e-05,0.000129,0.000215,5.82559,5.489285333333334,0.6766594842314216,4.710361,5.931905,21.0,19.333333333333332,2.886751345948128,16,21,0.0,0.0,0.0,0,0,0.0,0.0,0.0,0,0,0.0,0.0,0.0,0,0
granularity,global,13,8,3,4096,4,0,0.013835,0.013685000000000001,0.000495337258844921,0.013132,0.014088,2.648283339,2.6796873956666665,0.09849466887007464,2.60072402,2.790054828,85001.807011,86009.78131433333,3161.378046706047,83475.298126,89552.238806,0.0,0.0,0.0,0,0,0.0,0.0,0.0,0,0,0.0,0.0,0.0,0,0,4e-05,3.5000000000000004e-05,1.1357816691600548e-05,2.2e-05,4.3e-05,42.228545,39.33747366666666,9.345842387553535,28.887714,46.896162,140.0,133.66666666666666,31.973947728319896,99,162,0.0,0.0,0.0,0,0,0.0,0.0,0.0,0,0,0.0,0.0,0.0,0,0
granularity,global,13,8,4,4096,4,0,0.022829,0.022789,0.000580035343750705,0.02219,0.023348,1.604932323,1.6084459853333335,0.041059260887413206,1.569256467,1.651149166,332033.816637,332760.735017,8494.478489567273,324653.07521,341595.313204,0.0,0.0,0.0,0,0,0.0,0.0,0.0,0,0,0.0,0.0,0.0,0,0,3e-06,4e-06,4.58257569495584e-06,0.0,9e-06,41.11265,49.34408833333333,19.962249406990892,34.81379,72.105825,151.0,171.33333333333334,71.69611797952058,112,251,0.0,0.0,0.0,0,0,0.0,0.0,0.0,0,0,0.0,0.0,0.0,0,0
granularity,global,13,8,5,4096,4,0,0.054742,0.059693666666666666,0.00945668358005772,0.053741,0.070598,0.669303277,0.6233513186666667,0.09060227863040808,0.518980708,0.681769971,706587.263892,658075.52066,95649.33933782342,547890.875096,719748.422992,0.0,0.0,0.0,0,0,0.0,0.0,0.0,0,0,0.0,0.0,0.0,0,0,0.0,3.333333333333333e-07,5.773502691896258e-07,0.0,1e-06,79.322128,92.41171800000001,24.03095040829428,77.767281,120.145745,269.0,292.3333333333333,64.25988899253821,243,365,0.0,0.0,0.0,0,0,0.0,0.0,0.0,0,0,0.0,0.0,0.0,0,0
granularity,global,13,8,6,4096,4,0,0.111154,0.114402,0.009010312314231954,0.107466,0.124586,0.329623765,0.32154850533333335,0.02444650378186986,0.294086013,0.340935738,1406822.966335,1372358.0329326668,104336.84292032238,1255149.053666,1455102.078797,0.0,0.0,0.0,0,0,0.0,0.0,0.0,0,0,0.0,0.0,0.0,0,0,0.0,0.0,0.0,0.0,0.0,419.449565,375.8002933333333,122.16020376497684,237.811243,470.140072,1206.0,1162.0,401.8109007978753,740,1540,0.0,0.0,0.0,0,0,0.0,0.0,0.0,0,0,0.0,0.0,0.0,0,0
granularity,global,13,8,7,4096,4,0,0.373806,0.3746603333333334,0.010655218643150086,0.364458,0.385717,0.098016083,0.09784517233333334,0.0027743361170215674,0.094989332,0.100530102,1314542.837729,1312250.666278,37208.01739910772,1273949.553688,1348259.607417,0.0,0.0,0.0,0,0,0.0,0.0,0.0,0,0,0.0,0.0,0.0,0,0,0.0,0.0,0.0,0.0,0.0,727.505498,802.9980196666667,152.8848280444033,702.543593,978.944968,2393.0,2688.6666666666665,559.526883476865,2339,3334,0.0,0.0,0.0,0,0,0.0,0.0,0.0,0,0,0.0,0.0,0.0,0,0
granularity,global,13,8,8,4096,4,0,0.896478,0.9351459999999999,0.0680951681986321,0.895188,1.013772,0.040869938,0.039313344666666666,0.002747261132520592,0.036141263,0.040928833,1337547.602953,1286605.0811733333,89909.42793853769,1182792.58058,1339475.059987,0.0,0.0,0.0,0,0,0.0,0.0,0.0,0,0,0.0,0.0,0.0,0,0,0.0,0.0,0.0,0.0,0.0,1999.481417,2276.7756963333336,561.6831166168132,1907.664197,2923.181475,7598.0,8262.666666666666,2320.5258743080917,6347,10843,0.0,0.0,0.0,0,0,0.0,0.0,0.0,0,0,0.0,0.0,0.0,0,0
scaling,abp,12,1,5,4096,4,0,0.013014,0.014572,0.002729771419001965,0.012978,0.017724,0.533809743,0.4870182156666667,0.08233099799031446,0.391954412,0.535290492,1675964.346089,1529056.3267996665,258488.757102537,1230591.288648,1680613.345662,0.0,0.0,0.0,0,0,0.0,0.0,0.0,0,0,0.0,0.0,0.0,0,0,0.0,0.0,0.0,0.0,0.0,0.0,0.0,0.0,0.0,0.0,0.0,0.0,0.0,0,0,0.0,0.0,0.0,0,0,0.0,0.0,0.0,0,0,0.0,0.0,0.0,0,0
scaling,abp,12,2,5,4096,4,0,0.008368,0.008233333333333334,0.0006416870992417823,0.007535,0.008797,0.830186424,0.847283875,0.06776891773347844,0.789701034,0.921964167,2606477.055449,2660156.7015823335,212769.2330372054,2479367.966352,2894625.082946,11.0,9.666666666666666,3.2145502536643185,6,12,2.0,2.6666666666666665,1.1547005383792517,2,4,0.0,0.0,0.0,0,0,0.0,0.0,0.0,0.0,0.0,74.5,59.833333333333336,53.52880844305553,0.5,104.5,149.0,119.66666666666667,107.05761688611106,1,209,0.0,0.0,0.0,0,0,0.0,0.0,0.0,0,0,0.0,0.0,0.0,0,0
scaling,abp,12,4,5,4096,4,0,0.006285,0.006255666666666666,0.00032599130867759816,0.005916,0.006566,1.105330151,1.1125431683333333,0.05845818811634178,1.058026196,1.174273158,3470326.173429,3492972.3677890003,183537.00014905876,3321809.320743,3686781.609195,58.0,55.0,7.0,47,60,39.0,39.666666666666664,4.041451884327381,36,44,1.0,1.0,1.0,0,2,0.0,3.333333333333333e-07,5.773502691896258e-07,0.0,1e-06,346.070351,350.9519383333333,35.530085649227,318.115054,388.67041,873.0,889.0,37.64306044943742,862,932,0.0,0.0,0.0,0,0,0.0,0.0,0.0,0,0,0.0,0.0,0.0,0,0
scaling,abp,12,8,5,4096,4,0,0.004555,0.004533,4.161730409336976e-05,0.004485,0.004559,1.525137212,1.5326257349999999,0.014145191738995706,1.523799079,1.548940914,4788364.434687,4811875.615997001,44410.64942854276,4784163.193683,4863099.219621,119.0,134.33333333333334,32.807519463277515,112,172,184.0,283.3333333333333,271.96384563638844,75,591,6.0,7.333333333333333,3.2145502536643185,5,11,0.0,1.6666666666666669e-06,2.886751345948129e-06,0.0,5e-06,402.730039,430.2632066666667,116.30008927238232,330.200294,557.859287,1337.0,1378.3333333333333,527.2165905330876,873,1925,0.0,0.0,0.0,0,0,0.0,0.0,0.0,0,0,0.0,0.0,0.0,0,0
scaling,abp,12,16,5,4096,4,0,0.004367,0.004384666666666666,0.00019510082863312829,0.004199,0.004588,1.590794596,1.586467841,0.07023709322675956,1.514167393,1.654441534,4994504.236318,4980919.832747,220518.38704958296,4753923.278117,5194331.983806,366.0,374.0,25.942243542145693,353,403,1366.0,1211.3333333333333,439.88900115066906,715,1553,29.0,30.0,6.557438524302,24,37,1e-06,1.3333333333333332e-06,1.5275252316519468e-06,0.0,3e-06,321.90026,329.99145633333336,87.02621254042866,247.293403,420.780706,1199.0,1204.0,208.54495918146762,998,1415,0.0,0.0,0.0,0,0,0.0,0.0,0.0,0,0,0.0,0.0,0.0,0,0
scaling,abp,13,1,6,4096,4,0,0.064063,0.06399300000000001,0.0010527468831585246,0.062907,0.065009,0.57192139,0.5726504946666666,0.009437308047803608,0.563598886,0.582431208,2440940.948754,2444052.7432936667,40278.1075941931,2405420.787891,2485796.493236,0.0,0.0,0.0,0,0,0.0,0.0,0.0,0,0,0.0,0.0,0.0,0,0,0.0,0.0,0.0,0.0,0.0,0.0,0.0,0.0,0.0,0.0,0.0,0.0,0.0,0,0,0.0,0.0,0.0,0,0,0.0,0.0,0.0,0,0,0.0,0.0,0.0,0,0
scaling,abp,13,2,6,4096,4,0,0.042772,0.042436,0.0008334464589882161,0.041487,0.043049,0.856611802,0.8636186093333333,0.017132697637606727,0.851099909,0.883144117,3655989.899935,3685894.7150740004,73121.76839680095,3632465.330205,3769228.915082,17.0,16.666666666666668,1.5275252316519463,15,18,2.0,2.0,0.0,2,2,0.0,0.0,0.0,0,0,0.0,3.333333333333333e-07,5.773502691896258e-07,0.0,1e-06,444.0,330.6666666666667,221.88810994132456,75.0,473.0,888.0,661.3333333333334,443.7762198826491,150,946,0.0,0.0,0.0,0,0,0.0,0.0,0.0,0,0,0.0,0.0,0.0,0,0
scaling,abp,13,4,6,4096,4,0,0.029064,0.02951933333333333,0.0017646235670344367,0.028027,0.031467,1.260631709,1.2440898343333333,0.07287810481784739,1.164362666,1.307275128,5380333.058079,5309732.900185,311041.2611832048,4969460.069279,5579405.573197,89.0,84.33333333333333,8.082903768654761,75,89,29.0,29.0,2.0,27,31,2.0,2.0,1.0,1,3,0.0,3.333333333333333e-07,5.773502691896258e-07,0.0,1e-06,2143.739898,2359.565983666667,625.6915597912905,1870.357386,3064.600667,5104.0,6124.333333333333,2081.3818326614974,4750,8519,0.0,0.0,0.0,0,0,0.0,0.0,0.0,0,0,0.0,0.0,0.0,0,0
scaling,abp,13,8,6,4096,4,0,0.030472,0.028458,0.0038462099526676923,0.024023,0.030879,1.202382515,1.3046934793333334,0.1910968970764564,1.186534538,1.525163385,5131727.48753,5568387.187117,815595.0267683346,5064088.862981,6509345.21084,224.0,226.66666666666666,11.239810200058248,217,239,1088.0,5082.666666666667,7715.9983367891755,183,13977,8.0,11.0,6.082762530298219,7,18,6e-06,2.8666666666666668e-05,4.455707949735186e-05,0.0,8e-05,2110.963983,2098.1545356666666,754.1841442280939,1337.647258,2845.852366,7437.0,6901.0,2777.0696786360977,3895,9371,0.0,0.0,0.0,0,0,0.0,0.0,0.0,0,0,0.0,0.0,0.0,0,0
scaling,abp,13,16,6,4096,4,0,0.023006,0.023422,0.001070446635755374,0.022622,0.024638,1.592584543,1.5664319073333335,0.07002632875406856,1.487093108,1.619618071,6797096.409632,6685477.853970334,298869.9777104645,6346862.570014,6912474.582265,441.0,471.3333333333333,57.81291666516518,435,538,613.0,1061.6666666666667,868.7377816886597,509,2063,25.0,24.333333333333332,1.1547005383792517,23,25,4e-06,4e-06,3e-06,1e-06,7e-06,1031.451397,1146.403737,243.80960026518844,981.320722,1426.439092,3373.0,4333.0,1796.0133629792401,3221,6405,0.0,0.0,0.0,0,0,0.0,0.0,0.0,0,0,0.0,0.0,0.0,0,0
scaling,abp,14,1,6,4096,4,0,0.263982,0.2647886666666666,0.0016374963613191107,0.263711,0.266673,0.803297195,0.8008703346666666,0.0049356380639204766,0.795191114,0.804122695,1161893.613959,1158383.3899606667,7138.934473448562,1150168.933488,1163087.622435,0.0,0.0,0.0,0,0,0.0,0.0,0.0,0,0,0.0,0.0,0.0,0,0,0.0,0.0,0.0,0.0,0.0,0.0,0.0,0.0,0.0,0.0,0.0,0.0,0.0,0,0,0.0,0.0,0.0,0,0,0.0,0.0,0.0,0,0,0.0,0.0,0.0,0,0
scaling,abp,14,2,6,4096,4,0,0.148954,0.14893900000000002,0.0004336945930029633,0.148498,0.149365,1.423634142,1.4237855689999999,0.004146555740140057,1.419716801,1.428005764,2059152.49003,2059371.515067,5997.601912648102,2053486.42587,2065475.629301,14.0,14.666666666666666,4.041451884327381,11,19,2.0,2.0,0.0,2,2,0.0,0.0,0.0,0,0,0.0,3.333333333333333e-07,5.773502691896258e-07,0.0,1e-06,942.5,1096.8333333333333,989.5677507545066,193.5,2154.5,1885.0,2193.6666666666665,1979.1355015090132,387,4309,0.0,0.0,0.0,0,0,0.0,0.0,0.0,0,0,0.0,0.0,0.0,0,0
scaling,abp,14,4,6,4096,4,0,0.087556,0.08677933333333333,0.002260392075135049,0.084233,0.088549,2.421947097,2.444742436,0.06445088008147112,2.394787067,2.517493144,3503118.004477,3536089.3122806665,93222.1182158658,3463833.583666,3641316.348699,85.0,82.66666666666667,7.767453465154029,74,89,50.0,52.0,28.053520278211074,25,81,0.0,0.0,0.0,0,0,0.0,6.666666666666666e-07,1.1547005383792516e-06,0.0,2e-06,4337.729497,4760.087022666667,797.2503311546205,4262.87417,5679.657401,11797.0,12825.333333333334,2516.3593410586914,10986,15693,0.0,0.0,0.0,0,0,0.0,0.0,0.0,0,0,0.0,0.0,0.0,0,0
scaling,abp,14,8,6,4096,4,0,0.056059,0.058765000000000005,0.004724217501343476,0.056016,0.06422,3.782728911,3.6234619593333335,0.2783769727015353,3.302024291,3.785632676,5471360.530869,5240995.910300333,402646.03030109603,4776066.645905,5475560.554127,192.0,196.0,30.199337741083,168,228,177.0,430.6666666666667,460.3046092896891,153,962,4.0,5.666666666666667,3.785938897200183,3,10,2e-06,2.3333333333333336e-06,2.5166114784235835e-06,0.0,5e-06,3562.774742,3256.2965610000006,753.2436368546266,2398.125332,3807.989609,12280.0,10732.333333333334,2865.311559557413,7426,12491,0.0,0.0,0.0,0,0,0.0,0.0,0.0,0,0,0.0,0.0,0.0,0,0
scaling,abp,14,16,6,4096,4,0,0.05258,0.053191666666666665,0.005290088310542021,0.048234,0.058761,4.033016356,4.012735125666667,0.3941978590746442,3.608788142,4.396400879,5833377.710156,5804042.823576,570170.0172463394,5219771.617229,6358979.143343,644.0,607.3333333333334,90.73771725877465,504,674,633.0,653.6666666666666,104.54345189122719,561,767,13.0,14.666666666666666,8.621678104251709,7,24,1e-06,2e-06,2.6457513110645907e-06,0.0,5e-06,1386.26907,1672.7403823333334,693.8153185390497,1168.03288,2463.919197,5314.0,5924.333333333333,1905.2848430965205,4399,8060,0.0,0.0,0.0,0,0,0.0,0.0,0.0,0,0,0.0,0.0,0.0,0,0
scaling,abp,15,1,7,4096,4,0,1.75537,1.755927,0.003940139210738604,1.752295,1.760116,0.753397859,0.7531613996666667,0.0016892412472259328,0.751366387,0.754719953,1404894.694566,1404453.7582116667,3150.0035140433115,1401106.517979,1407360.06209,0.0,0.0,0.0,0,0,0.0,0.0,0.0,0,0,0.0,0.0,0.0,0,0,0.0,0.0,0.0,0.0,0.0,0.0,0.0,0.0,0.0,0.0,0.0,0.0,0.0,0,0,0.0,0.0,0.0,0,0,0.0,0.0,0.0,0,0,0.0,0.0,0.0,0,0
scaling,abp,15,2,7,4096,4,0,1.013125,1.01684,0.020818600121045586,0.998129,1.039266,1.305359161,1.300951738,0.02649932968346052,1.272525032,1.324971021,2434161.628624,2425942.909674667,49414.48535261077,2372934.359442,2470732.740958,22.0,22.333333333333332,1.5275252316519465,21,24,2.0,2.0,0.0,2,2,0.0,0.0,0.0,0,0,0.0,3.333333333333333e-07,5.773502691896258e-07,0.0,1e-06,12800.0,11200.0,4732.401610176381,5875.0,14925.0,25600.0,22400.0,9464.803220352762,11750,29850,0.0,0.0,0.0,0,0,0.0,0.0,0.0,0,0,0.0,0.0,0.0,0,0
scaling,abp,15,4,7,4096,4,0,0.59672,0.60923,0.025326246050293367,0.592593,0.638377,2.216268937,2.173206657,0.08829089762983715,2.071647318,2.231703716,4132775.841266,4052475.681237334,164639.98652023202,3863093.438517,4161557.763929,99.0,98.0,13.527749258468683,84,111,37.0,37.333333333333336,5.507570547286103,32,43,0.0,0.3333333333333333,0.5773502691896258,0,1,0.0,6.666666666666666e-07,1.1547005383792516e-06,0.0,2e-06,41907.501193,41490.121031333336,2468.5273067457165,38839.511129,43723.350772,103247.0,104031.0,5147.970571011454,99320,109526,0.0,0.0,0.0,0,0,0.0,0.0,0.0,0,0,0.0,0.0,0.0,0,0
scaling,abp,15,8,7,4096,4,0,0.50928,0.49992433333333336,0.061417274885274244,0.434366,0.556127,2.596787622,2.673158718,0.3398035353003718,2.378039549,3.044648983,4842346.057179,4984758.656503,633646.8549979947,4434436.738371,5677493.173959,273.0,260.6666666666667,24.906491790963518,232,277,221.0,213.33333333333334,48.95235779136009,161,258,6.0,5.333333333333333,2.0816659994661326,3,7,1e-06,1e-06,1e-06,0.0,2e-06,19082.055915,19902.762419333332,1567.374566048781,18916.156955,21710.074388,70914.0,69181.0,5262.067939508193,63271,73358,0.0,0.0,0.0,0,0,0.0,0.0,0.0,0,0,0.0,0.0,0.0,0,0
scaling,abp,15,16,7,4096,4,0,0.472958,0.4839633333333333,0.056704712549605005,0.433568,0.545364,2.796214463,2.757146153666667,0.31446623235508653,2.424971212,3.050252786,5214226.210361,5141373.786073667,586399.2527994246,4521952.31075,5687942.83711,664.0,623.3333333333334,102.25621415509833,507,699,1300.0,1243.3333333333333,896.3444278475397,320,2110,26.0,19.333333333333332,12.42309676905615,5,27,1e-06,4.666666666666667e-06,6.350852961085884e-06,1e-06,1.2e-05,6785.239125,7022.778687666666,752.2856725816548,6417.936038,7865.1609,29180.0,29113.666666666668,4905.836354112654,24175,33986,0.0,0.0,0.0,0,0,0.0,0.0,0.0,0,0,0.0,0.0,0.0,0,0
scaling,chaselev,12,1,5,4096,4,0,0.012412,0.012410666666666667,0.0002400027777617024,0.01217,0.01265,0.55970029,0.5599000533333333,0.010831356680611767,0.54916996,0.57082991,1757251.047374,1757878.2300560002,34006.43604121682,1724189.72332,1792193.919474,0.0,0.0,0.0,0,0,0.0,0.0,0.0,0,0,0.0,0.0,0.0,0,0,0.0,0.0,0.0,0.0,0.0,0.0,0.0,0.0,0.0,0.0,0.0,0.0,0.0,0,0,0.0,0.0,0.0,0,0,2.0,2.0,0.0,2,2,0.0,0.0,0.0,0,0
scaling,chaselev,12,2,5,4096,4,0,0.010126,0.010197999999999999,0.00044241609373981886,0.009796,0.010672,0.686055698,0.6820594923333333,0.029310650195006494,0.650955772,0.709167007,2153960.102706,2141413.5006706663,92024.55589393222,2043759.370315,2226521.028991,12.0,11.333333333333334,1.1547005383792515,10,12,2.0,2.3333333333333335,0.5773502691896257,2,3,0.0,0.0,0.0,0,0,0.0,0.0,0.0,0.0,0.0,346.5,278.8333333333333,152.23118384001793,104.5,385.5,693.0,557.6666666666666,304.46236768003587,209,771,0.0,0.0,0.0,0,0,3.0,3.0,0.0,3,3,0.0,0.0,0.0,0,0
scaling,chaselev,12,4,5,4096,4,0,0.007772,0.007867666666666667,0.0019772365395504237,0.00594,0.009891,0.893849717,0.921911338,0.23484724949992716,0.702355677,1.16952862,2806356.150283,2894459.218125,737333.14448779,2205135.982206,3671885.521886,65.0,63.0,8.18535277187245,54,70,26.0,26.0,8.0,18,34,1.0,1.0,1.0,0,2,1e-06,6.666666666666666e-07,5.773502691896258e-07,0.0,1e-06,452.497168,464.4463616666667,92.88916400050876,378.11002,562.731897,1117.0,1193.0,218.1650751151522,1023,1439,0.0,0.0,0.0,0,0,5.0,5.0,0.0,5,5,0.0,0.0,0.0,0,0
scaling,chaselev,12,8,5,4096,4,0,0.006729,0.0066563333333333335,0.00037629952608704293,0.006249,0.006991,1.032397087,1.0459337176666665,0.06014930836400547,0.993706194,1.111697872,3241343.438847,3283843.4306766666,188846.489584766,3119868.402231,3490318.450952,156.0,159.33333333333334,31.134118476894976,130,192,303.0,503.3333333333333,518.3939943067757,115,1092,3.0,3.6666666666666665,1.1547005383792515,3,5,0.0,2.333333333333333e-06,4.0414518843273805e-06,0.0,7e-06,541.907496,572.3814843333333,114.24756602774775,476.460895,698.776062,1749.0,1757.6666666666667,195.14439098609353,1567,1957,0.0,0.0,0.0,0,0,9.0,9.0,0.0,9,9,0.0,0.0,0.0,0,0
scaling,chaselev,12,16,5,4096,4,0,0.005359,0.005260999999999999,0.0006485769036899173,0.004569,0.005855,1.296323941,1.3344317319999999,0.17020848494742127,1.186507259,1.520463996,4069975.741743,4189620.0530769997,534391.4313205994,3725192.143467,4773692.274021,293.0,302.0,18.24828759089466,290,323,857.0,863.6666666666666,283.0588866885004,584,1150,21.0,22.0,5.5677643628300215,17,28,1e-06,2e-06,1.7320508075688774e-06,1e-06,4e-06,424.044694,379.30420933333335,118.50217925592708,244.945203,468.922731,1463.0,1453.6666666666667,530.0616316366742,919,1979,0.0,0.0,0.0,0,0,17.0,16.666666666666668,0.5773502691896255,16,17,0.0,0.0,0.0,0,0
scaling,chaselev,13,1,6,4096,4,0,0.071717,0.07202366666666667,0.0006388226149200816,0.071596,0.072758,0.510883054,0.5087343366666667,0.004490225362726171,0.50357349,0.511746466,2180431.417934,2171260.7658220003,19164.128556858905,2149234.448446,2184116.431086,0.0,0.0,0.0,0,0,0.0,0.0,0.0,0,0,0.0,0.0,0.0,0,0,0.0,0.0,0.0,0.0,0.0,0.0,0.0,0.0,0.0,0.0,0.0,0.0,0.0,0,0,0.0,0.0,0.0,0,0,2.0,2.0,0.0,2,2,0.0,0.0,0.0,0,0
scaling,chaselev,13,2,6,4096,4,0,0.0505,0.050678,0.0007617604610374603,0.050021,0.051513,0.725524752,0.7230848223333334,0.01081591856021617,0.711257353,0.732472362,3096514.851485,3086101.312440667,46161.97146112702,3035622.075981,3126167.009856,17.0,16.666666666666668,1.5275252316519463,15,18,2.0,2.0,0.0,2,2,0.0,0.0,0.0,0,0,0.0,3.333333333333333e-07,5.773502691896258e-07,0.0,1e-06,1290.0,1229.6666666666667,215.91742248677693,990.0,1409.0,2580.0,2459.3333333333335,431.83484497355386,1980,2818,0.0,0.0,0.0,0,0,4.0,4.0,0.0,4,4,0.0,0.0,0.0,0,0
scaling,chaselev,13,4,6,4096,4,0,0.037392,0.03596033333333334,0.0037607582125594504,0.031694,0.038795,0.979862003,1.026770351,0.11332986861796249,0.944425828,1.156023222,4182017.54386,4382220.771625333,483688.007060458,4030777.162005,4933867.609011,62.0,66.33333333333333,8.386497083606082,61,76,19.0,761.6666666666666,1288.0688387401246,17,2249,0.0,0.6666666666666666,1.1547005383792517,0,2,0.0,6.6666666666666675e-06,1.1547005383792516e-05,0.0,2e-05,1279.995801,1314.4959943333333,278.93152670964145,1054.41939,1609.072792,3135.0,3316.0,485.50077239897365,2947,3866,0.0,0.0,0.0,0,0,8.0,8.0,0.0,8,8,0.0,0.0,0.0,0,0
scaling,chaselev,13,8,6,4096,4,0,0.027371,0.028363,0.002372038996306763,0.026648,0.03107,1.338606554,1.297590642,0.10409052221737551,1.179240425,1.374924947,5713127.03226,5538072.520762333,444254.79334847967,5032957.837142,5868132.692885,175.0,179.0,40.149719799769464,141,221,276.0,242.0,60.63002556489647,172,278,8.0,10.0,5.291502622129181,6,16,0.0,1.3333333333333332e-06,2.309401076758503e-06,0.0,4e-06,2455.916262,2638.2504783333334,1034.9729597455116,1706.561437,3752.273736,8225.0,8372.333333333334,2571.1678928715123,5878,11014,0.0,0.0,0.0,0,0,15.0,15.333333333333334,0.5773502691896255,15,16,0.0,0.0,0.0,0,0
scaling,chaselev,13,16,6,4096,4,0,0.027111,0.028105333333333333,0.0018696160924995624,0.026943,0.030262,1.351444063,1.3073470746666667,0.08378203789416262,1.210726323,1.359870838,5767917.081627,5579712.642678667,357578.8746247049,5167338.576432,5803882.269977,404.0,479.3333333333333,149.93776486707188,382,652,522.0,528.0,40.33608806019741,491,571,18.0,20.666666666666668,8.32666399786453,14,30,1e-06,1e-06,1e-06,0.0,2e-06,848.61364,1217.8955003333333,706.0630657538661,773.053918,2032.018943,3266.0,4276.666666666667,1890.7832592164903,3106,6458,0.0,0.0,0.0,0,0,26.0,25.333333333333332,1.154700538379251,24,26,0.0,0.0,0.0,0,0
scaling,chaselev,14,1,6,4096,4,0,0.279408,0.2823946666666666,0.005263381929266901,0.279304,0.288472,0.758947489,0.751092794,0.013850187775702825,0.735100807,0.759230086,1097745.948577,1086384.873352,20032.990152422648,1063253.972656,1098154.698823,0.0,0.0,0.0,0,0,0.0,0.0,0.0,0,0,0.0,0.0,0.0,0,0,0.0,0.0,0.0,0.0,0.0,0.0,0.0,0.0,0.0,0.0,0.0,0.0,0.0,0,0,0.0,0.0,0.0,0,0,2.0,2.0,0.0,2,2,0.0,0.0,0.0,0,0
scaling,chaselev,14,2,6,4096,4,0,0.163248,0.16352233333333333,0.0010292940946752377,0.162658,0.164661,1.298980692,1.2968356313333333,0.008144010385875066,1.287833792,1.30369241,1878853.033422,1875750.4054156665,11779.542783196464,1862730.093951,1885668.088874,15.0,15.333333333333334,1.5275252316519468,14,17,2.0,2.6666666666666665,1.1547005383792515,2,4,0.0,0.0,0.0,0,0,0.0,0.0,0.0,0.0,0.0,2233.5,2477.1666666666665,682.9204443662039,1949.5,3248.5,4467.0,4954.333333333333,1365.8408887324078,3899,6497,0.0,0.0,0.0,0,0,4.0,4.0,0.0,4,4,0.0,0.0,0.0,0,0
scaling,chaselev,14,4,6,4096,4,0,0.093803,0.09376166666666667,0.0029942139758763675,0.090747,0.096735,2.260652644,2.2631894246666664,0.07235802680714352,2.192133147,2.336782483,3269820.794644,3273490.008421667,104659.05991618252,3170713.805758,3379935.424863,91.0,84.66666666666667,13.650396819628845,69,94,36.0,36.0,0.0,36,36,3.0,2.3333333333333335,1.1547005383792515,1,3,0.0,3.333333333333333e-07,5.773502691896258e-07,0.0,1e-06,5185.279471,5076.988492666666,734.8772355447492,4293.974463,5751.711544,12832.0,13282.333333333334,1883.323215312054,11665,15350,0.0,0.0,0.0,0,0,8.0,8.0,0.0,8,8,0.0,0.0,0.0,0,0
scaling,chaselev,14,8,6,4096,4,0,0.072173,0.07233666666666667,0.0012366496404937572,0.07119,0.073647,2.938162471,2.9320841236666664,0.04996607711734844,2.879356932,2.978732968,4249774.846549,4240983.091028334,72271.21682400799,4164718.182682,4308456.243854,279.0,241.66666666666666,67.27803009403095,164,282,100.0,545.6666666666666,792.7927429873039,76,1461,4.0,3.6666666666666665,1.5275252316519468,2,5,0.0,1.3333333333333332e-06,2.309401076758503e-06,0.0,4e-06,3071.926978,4233.629007666666,2681.996025380597,2328.330595,7300.62945,10394.0,12543.666666666666,5937.885341881682,7980,19257,0.0,0.0,0.0,0,0,16.0,16.0,0.0,16,16,0.0,0.0,0.0,0,0
scaling,chaselev,14,16,6,4096,4,0,0.053552,0.05630266666666667,0.004921877114814358,0.053371,0.061985,3.959814759,3.7847148006666664,0.3149835740685979,3.421085747,3.973243896,5727498.506125,5474232.933755334,455594.02715006395,4948277.809147,5746922.485994,518.0,512.0,14.933184523068078,495,523,650.0,786.0,400.7006363858186,471,1237,15.0,19.0,8.717797887081348,13,29,1e-06,2.6666666666666664e-06,2.886751345948129e-06,1e-06,6e-06,1637.929084,1903.870766666667,718.123374524846,1356.652335,2717.030881,5719.0,6280.666666666667,2035.4739824751712,4585,8538,0.0,0.0,0.0,0,0,28.0,28.0,0.0,28,28,0.0,0.0,0.0,0,0
scaling,chaselev,15,1,7,4096,4,0,1.878322,1.8797329999999999,0.003408098149995113,1.877257,1.88362,0.704081622,0.7035546513333334,0.0012744092412150677,0.702101273,0.704481059,1312932.500391,1311949.8351333335,2376.447986575549,1309239.655557,1313677.349452,0.0,0.0,0.0,0,0,0.0,0.0,0.0,0,0,0.0,0.0,0.0,0,0,0.0,0.0,0.0,0.0,0.0,0.0,0.0,0.0,0.0,0.0,0.0,0.0,0.0,0,0,0.0,0.0,0.0,0,0,3.0,3.0,0.0,3,3,0.0,0.0,0.0,0,0
scaling,chaselev,15,2,7,4096,4,0,1.122919,1.122306,0.023066609785575266,1.098939,1.14506,1.177726978,1.1787025059999998,0.02425066437708931,1.154954326,1.203426214,2196160.186086,2197979.296852,45221.299100378536,2153695.002882,2244082.701588,19.0,19.666666666666668,3.0550504633038935,17,23,2.0,2.0,0.0,2,2,0.0,0.0,0.0,0,0,0.0,0.0,0.0,0.0,0.0,18565.0,18281.333333333332,4116.836204336205,14030.0,22249.0,37130.0,36562.666666666664,8233.67240867241,28060,44498,0.0,0.0,0.0,0,0,5.0,5.0,0.0,5,5,0.0,0.0,0.0,0,0
scaling,chaselev,15,4,7,4096,4,0,0.716135,0.716294,0.00621502558321362,0.71016,0.722587,1.846707674,1.8463903899999998,0.016015737287958135,1.830218368,1.862245128,3443638.42013,3443046.766685333,29865.26156401519,3412890.074136,3472611.80579,93.0,92.33333333333333,8.020806277010644,84,100,20.0,231.66666666666666,368.3508291470692,18,657,1.0,1.0,1.0,0,2,0.0,2.333333333333333e-06,4.0414518843273805e-06,0.0,7e-06,40695.424175,56824.95079166667,32466.243980509902,35582.107979,94197.320221,100298.0,142538.33333333334,84990.89516138381,86943,240374,0.0,0.0,0.0,0,0,9.0,9.0,0.0,9,9,0.0,0.0,0.0,0,0
scaling,chaselev,15,8,7,4096,4,0,0.565653,0.568607,0.05195801778359137,0.518189,0.621979,2.337991666,2.338799517,0.212939878812079,2.126264713,2.552142172,4359757.660615,4361264.096296334,397078.5187900235,3964940.93852,4759093.689754,252.0,255.0,23.643180835073778,233,280,179.0,235.0,190.28399827626075,79,447,7.0,9.333333333333334,5.8594652770823155,5,16,0.0,0.0,0.0,0.0,0.0,48611.96454,45368.867744999996,13109.731194593875,30941.976932,56552.661763,131764.0,120678.0,23471.371306338282,93717,136553,0.0,0.0,0.0,0,0,17.0,17.0,0.0,17,17,0.0,0.0,0.0,0,0
scaling,chaselev,15,16,7,4096,4,0,0.639322,0.6546756666666665,0.14995318508232278,0.51299,0.811715,2.068585157,2.0919497,0.4748067440080037,1.629256574,2.578007369,3857383.290423,3900952.198330667,885393.3776832187,3038147.625706,4807325.678863,609.0,589.0,86.74675786448736,494,664,824.0,841.6666666666666,244.97823032533594,606,1095,21.0,18.666666666666668,6.8068592855540455,11,24,3e-06,3e-06,1.0000000000000002e-06,2e-06,4e-06,20467.520746,20830.017884666668,14113.553482760908,6901.204839,35121.328069,72534.0,63957.0,36983.10921217955,23439,95898,0.0,0.0,0.0,0,0,33.0,33.0,0.0,33,33,0.0,0.0,0.0,0,0
scaling,global,12,1,5,4096,4,0,0.012471,0.012698333333333334,0.0007060059017694772,0.012134,0.01349,0.557052361,0.5481833013333334,0.029782200626943967,0.514974055,0.572523488,1748937.535081,1721091.980103,93505.04947383188,1616827.279466,1797511.125762,0.0,0.0,0.0,0,0,0.0,0.0,0.0,0,0,0.0,0.0,0.0,0,0,0.0,0.0,0.0,0.0,0.0,0.0,0.0,0.0,0.0,0.0,0.0,0.0,0.0,0,0,0.0,0.0,0.0,0,0,0.0,0.0,0.0,0,0,0.0,0.0,0.0,0,0
scaling,global,12,2,5,4096,4,0,0.01296,0.012919,9.16569691840175e-05,0.012814,0.012983,0.536033951,0.5377532333333334,0.0038298168973080427,0.535084341,0.542141408,1682947.530864,1688345.439571,12024.20263371197,1679966.109528,1702122.678321,0.0,0.0,0.0,0,0,0.0,0.0,0.0,0,0,0.0,0.0,0.0,0,0,0.0,0.0,0.0,0.0,0.0,450.5,334.5,275.005454491361,20.5,532.5,901.0,669.0,550.010908982722,41,1065,0.0,0.0,0.0,0,0,0.0,0.0,0.0,0,0,0.0,0.0,0.0,0,0
scaling,global,12,4,5,4096,4,0,0.020606,0.02047766666666667,0.0009818107421154696,0.019438,0.021389,0.337134815,0.3397735563333333,0.01645922204433315,0.324793118,0.357392736,1058478.113171,1066762.7805873333,51675.8443681836,1019729.767638,1122080.460953,0.0,0.0,0.0,0,0,0.0,0.0,0.0,0,0,0.0,0.0,0.0,0,0,0.0,0.0,0.0,0.0,0.0,156.689781,168.28055966666668,47.33931960088093,127.813096,220.338802,440.0,438.0,110.01363551851198,327,547,0.0,0.0,0.0,0,0,0.0,0.0,0.0,0,0,0.0,0.0,0.0,0,0
scaling,global,12,8,5,4096,4,0,0.021671,0.020812666666666667,0.0031067385363646766,0.017367,0.0234,0.320566656,0.339152838,0.05401938896042246,0.296880342,0.400011516,1006460.246412,1064813.955477,169600.8198021351,932094.017094,1255887.602925,0.0,0.0,0.0,0,0,0.0,0.0,0.0,0,0,0.0,0.0,0.0,0,0,0.0,3.333333333333333e-07,5.773502691896258e-07,0.0,1e-06,116.860962,115.601157,39.96292422377686,75.023226,154.919283,349.0,325.0,92.36882591004391,223,403,0.0,0.0,0.0,0,0,0.0,0.0,0.0,0,0,0.0,0.0,0.0,0,0
scaling,global,12,16,5,4096,4,0,0.017172,0.018907999999999998,0.003230193957024869,0.016917,0.022635,0.404553925,0.374040001,0.05821266623161452,0.306914071,0.410652007,1270149.079898,1174346.6908976666,182766.15237466205,963596.200574,1289294.792221,0.0,0.0,0.0,0,0,0.0,0.0,0.0,0,0,0.0,0.0,0.0,0,0,1e-06,1.3333333333333332e-06,1.5275252316519466e-06,0.0,3e-06,92.649352,105.011858,24.884593851875163,88.729377,133.656845,390.0,399.0,100.80178569846865,303,504,0.0,0.0,0.0,0,0,0.0,0.0,0.0,0,0,0.0,0.0,0.0,0,0
scaling,global,13,1,6,4096,4,0,0.072356,0.073258,0.0025658018239918695,0.071265,0.076153,0.506371275,0.5005393816666667,0.017255583615084762,0.481123528,0.514123342,2161175.299906,2136284.977543,73646.24312370236,2053418.77536,2194260.857363,0.0,0.0,0.0,0,0,0.0,0.0,0.0,0,0,0.0,0.0,0.0,0,0,0.0,0.0,0.0,0.0,0.0,0.0,0.0,0.0,0.0,0.0,0.0,0.0,0.0,0,0,0.0,0.0,0.0,0,0,0.0,0.0,0.0,0,0,0.0,0.0,0.0,0,0
scaling,global,13,2,6,4096,4,0,0.081398,0.082054,0.0018684624695187316,0.080602,0.084162,0.450121625,0.44667583266666666,0.01006643433078967,0.435338989,0.454566884,1921103.712622,1906397.190211,42963.19756289492,1858011.929374,1940075.928637,0.0,0.0,0.0,0,0,0.0,0.0,0.0,0,0,0.0,0.0,0.0,0,0,0.0,0.0,0.0,0.0,0.0,1190.0,1410.6666666666667,1230.9249909451564,305.0,2737.0,2380.0,2821.3333333333335,2461.849981890313,610,5474,0.0,0.0,0.0,0,0,0.0,0.0,0.0,0,0,0.0,0.0,0.0,0,0
scaling,global,13,4,6,4096,4,0,0.089336,0.08952066666666668,0.0012096186726953777,0.088414,0.090812,0.410125817,0.40932946933333336,0.005514694065499399,0.403459895,0.414402696,1750402.973046,1747004.188835,23536.526285389395,1721953.045853,1768656.547606,0.0,0.0,0.0,0,0,0.0,0.0,0.0,0,0,0.0,0.0,0.0,0,0,0.0,0.0,0.0,0.0,0.0,377.02553,410.97802866666666,73.0733541274475,361.057821,494.850735,1014.0,980.0,158.75452749449383,807,1119,0.0,0.0,0.0,0,0,0.0,0.0,0.0,0,0,0.0,0.0,0.0,0,0
scaling,global,13,8,6,4096,4,0,0.110638,0.10998133333333333,0.001391512965564222,0.108383,0.110923,0.331161084,0.3331741563333333,0.004244990134550436,0.330310215,0.33805117,1413384.189881,1421975.9149343334,18117.473611241297,1409752.71134,1442790.843582,0.0,0.0,0.0,0,0,0.0,0.0,0.0,0,0,0.0,0.0,0.0,0,0,0.0,0.0,0.0,0.0,0.0,748.112416,637.3453053333334,199.55944948702015,406.970438,756.953062,1793.0,1726.3333333333333,170.09801096230765,1533,1853,0.0,0.0,0.0,0,0,0.0,0.0,0.0,0,0,0.0,0.0,0.0,0,0
scaling,global,13,16,6,4096,4,0,0.118774,0.11829033333333333,0.0013948764580898677,0.116718,0.119379,0.308476603,0.3097667766666667,0.0036726728091100347,0.306913276,0.313910451,1316567.598969,1322074.0172126666,15674.841584307826,1309895.375234,1339759.077435,0.0,0.0,0.0,0,0,0.0,0.0,0.0,0,0,0.0,0.0,0.0,0,0,0.0,0.0,0.0,0.0,0.0,167.156317,173.28497766666666,21.522113529831813,155.491911,197.206705,665.0,638.3333333333334,59.651767227244285,570,680,0.0,0.0,0.0,0,0,0.0,0.0,0.0,0,0,0.0,0.0,0.0,0,0
scaling,global,14,1,6,4096,4,0,0.278288,0.27806,0.0006089039333096759,0.27737,0.278522,0.762001955,0.7626292119999999,0.0016717966549544797,0.76136176,0.764523921,1102163.945265,1103071.2133786667,2418.0965355049248,1101237.963249,1105811.731622,0.0,0.0,0.0,0,0,0.0,0.0,0.0,0,0,0.0,0.0,0.0,0,0,0.0,0.0,0.0,0.0,0.0,0.0,0.0,0.0,0.0,0.0,0.0,0.0,0.0,0,0,0.0,0.0,0.0,0,0,0.0,0.0,0.0,0,0,0.0,0.0,0.0,0,0
scaling,global,14,2,6,4096,4,0,0.217851,0.21507600000000002,0.005353255177926795,0.208905,0.218472,0.97339925,0.9863716843333333,0.024903540148622914,0.970632392,1.015083411,1407930.190818,1426693.5935766667,36020.62159072657,1403928.192171,1468222.397741,0.0,0.0,0.0,0,0,0.0,0.0,0.0,0,0,0.0,0.0,0.0,0,0,0.0,0.0,0.0,0.0,0.0,946.5,1584.5,1694.6052637708876,301.5,3505.5,1893.0,3169.0,3389.2105275417753,603,7011,0.0,0.0,0.0,0,0,0.0,0.0,0.0,0,0,0.0,0.0,0.0,0,0
scaling,global,14,4,6,4096,4,0,0.195718,0.19300933333333334,0.008211200724214045,0.183786,0.199524,1.083477248,1.1000356463333334,0.04771135157106249,1.062809487,1.153820204,1567147.630775,1591097.7918339998,69009.96947920363,1537253.66372,1668892.081007,0.0,0.0,0.0,0,0,0.0,0.0,0.0,0,0,0.0,0.0,0.0,0,0,0.0,0.0,0.0,0.0,0.0,758.78336,714.31173,81.90640709723903,619.789228,764.362602,1891.0,1808.0,274.0930498936447,1502,2031,0.0,0.0,0.0,0,0,0.0,0.0,0.0,0,0,0.0,0.0,0.0,0,0
scaling,global,14,8,6,4096,4,0,0.22192,0.22117033333333333,0.0022463638025336167,0.218645,0.222946,0.95555155,0.9588566776666667,0.009783237835572294,0.951154091,0.969864392,1382115.17664,1386895.7320060001,14150.53058533922,1375754.667049,1402817.352329,0.0,0.0,0.0,0,0,0.0,0.0,0.0,0,0,0.0,0.0,0.0,0,0,0.0,0.0,0.0,0.0,0.0,679.408831,624.1827626666667,127.83282808153324,478.021034,715.118423,1985.0,1873.0,438.8530505761581,1389,2245,0.0,0.0,0.0,0,0,0.0,0.0,0.0,0,0,0.0,0.0,0.0,0,0
scaling,global,14,16,6,4096,4,0,0.237622,0.238084,0.0025337890598864064,0.235813,0.240817,0.892408952,0.8907443110000001,0.009453494936499255,0.880569063,0.899254918,1290785.364991,1288377.6187396667,13673.588851421191,1273660.082137,1300687.409091,0.0,0.0,0.0,0,0,0.0,0.0,0.0,0,0,0.0,0.0,0.0,0,0,0.0,0.0,0.0,0.0,0.0,267.004089,263.892413,18.250805582970212,244.285813,280.387337,997.0,1022.0,55.86591089385369,983,1086,0.0,0.0,0.0,0,0,0.0,0.0,0.0,0,0,0.0,0.0,0.0,0,0
scaling,global,15,1,7,4096,4,0,1.862751,1.858198,0.009478561968990905,1.847302,1.864541,0.70996714,0.7117190986666667,0.0036407355363669543,0.709285556,0.7159046,1323907.489514,1327174.445472,6789.042750874495,1322636.509468,1334979.337434,0.0,0.0,0.0,0,0,0.0,0.0,0.0,0,0,0.0,0.0,0.0,0,0,0.0,0.0,0.0,0.0,0.0,0.0,0.0,0.0,0.0,0.0,0.0,0.0,0.0,0,0,0.0,0.0,0.0,0,0,0.0,0.0,0.0,0,0,0.0,0.0,0.0,0,0
scaling,global,15,2,7,4096,4,0,1.567746,1.566211,0.015540461415286215,1.54996,1.580927,0.843562669,0.8444449290000001,0.00839146197969849,0.836529454,0.853242664,1573029.049349,1574674.2392560001,15647.934976264667,1559913.898618,1591079.769801,0.0,0.0,0.0,0,0,0.0,0.0,0.0,0,0,0.0,0.0,0.0,0,0,0.0,0.0,0.0,0.0,0.0,11139.0,10440.0,3209.1124941329185,6939.0,13242.0,22278.0,20880.0,6418.224988265837,13878,26484,0.0,0.0,0.0,0,0,0.0,0.0,0.0,0,0,0.0,0.0,0.0,0,0
scaling,global,15,4,7,4096,4,0,1.497945,1.4934986666666668,0.04226726608539195,1.449184,1.533367,0.882870866,0.8859745736666667,0.025194372078863915,0.862475846,0.912577009,1646328.803795,1652116.4255016667,46981.07292098495,1608297.296081,1701723.176629,0.0,0.0,0.0,0,0,0.0,0.0,0.0,0,0,0.0,0.0,0.0,0,0,0.0,0.0,0.0,0.0,0.0,2961.368982,2851.0467713333333,856.0082268671414,1945.226015,3646.545317,7111.0,7553.0,2459.9640241271823,5344,10204,0.0,0.0,0.0,0,0,0.0,0.0,0.0,0,0,0.0,0.0,0.0,0,0
scaling,global,15,8,7,4096,4,0,1.841667,2.230462333333333,0.7146450333783433,1.794506,3.055214,0.718095074,0.6293087296666667,0.17038765374401982,0.43286395,0.736967165,1339064.011029,1173500.1431156667,317729.4810659371,807180.773589,1374255.644729,0.0,0.0,0.0,0,0,0.0,0.0,0.0,0,0,0.0,0.0,0.0,0,0,0.0,0.0,0.0,0.0,0.0,3159.142793,3589.108937333333,966.3700566811406,2912.342088,4695.841931,9914.0,10809.666666666666,2930.036575425865,8432,14083,0.0,0.0,0.0,0,0,0.0,0.0,0.0,0,0,0.0,0.0,0.0,0,0
scaling,global,15,16,7,4096,4,0,2.307072,2.5817303333333332,0.5154554593835762,2.261767,3.176352,0.573233952,0.5247686186666667,0.09406378173178503,0.416355618,0.584716286,1068934.996394,978559.5210723333,175404.94210887275,776396.948449,1090346.618374,0.0,0.0,0.0,0,0,0.0,0.0,0.0,0,0,0.0,0.0,0.0,0,0,0.0,0.0,0.0,0.0,0.0,2273.570262,3363.6260743333332,1973.4568475418012,2175.631859,5641.676102,7515.0,9414.666666666666,4323.719733439407,6366,14363,0.0,0.0,0.0,0,0,0.0,0.0,0.0,0,0,0.0,0.0,0.0,0,0
steal_attempts,abp,13,8,6,4096,4,1,0.044272,0.043538,0.002209416891399176,0.041055,0.045287,0.827588544,0.8430218803333333,0.04378812253750144,0.809040122,0.892436975,3532119.624142,3597988.5770633332,186886.21071225693,3452955.594321,3808890.512727,205.0,201.66666666666666,26.159765544311238,174,226,100.0,335.0,411.36966344153285,95,810,5.0,4.666666666666667,1.5275252316519468,3,6,9e-06,3.266666666666666e-05,4.361574639202376e-05,6e-06,8.3e-05,1544.066202,1833.027514,628.9620270390858,1400.473291,2554.543049,4838.0,5835.0,1911.60586941974,4628,8039,0.0,0.0,0.0,0,0,0.0,0.0,0.0,0,0,0.0,0.0,0.0,0,0
steal_attempts,abp,13,8,6,4096,4,2,0.055927,0.05475133333333334,0.00633880401442838,0.047907,0.06042,0.655121855,0.675440436,0.08112590387759377,0.606405164,0.764794289,2796037.691991,2882756.7003019997,346242.5855435993,2588116.517709,3264115.891206,210.0,215.0,18.027756377319946,200,235,101.0,220.0,213.0797972591489,93,466,2.0,2.0,2.0,0,4,3e-06,7.333333333333333e-06,8.386497083606082e-06,2e-06,1.7e-05,1724.900341,1492.7520279999999,436.5810115908793,989.142905,1764.212838,4540.0,4538.0,1688.0008886253586,2849,6225,0.0,0.0,0.0,0,0,0.0,0.0,0.0,0,0,0.0,0.0,0.0,0,0
steal_attempts,abp,13,8,6,4096,4,4,0.04602,0.046512,0.0022300827338912785,0.044569,0.048947,0.796153846,0.788923943,0.03729400660751418,0.748544344,0.822073639,3397957.409822,3367100.4297376666,159169.54544825718,3194761.681002,3508582.198389,163.0,171.33333333333334,30.369941279714933,146,205,641.0,712.3333333333334,573.3378875788111,178,1318,8.0,7.333333333333333,2.0816659994661326,5,9,1.2e-05,1.3666666666666667e-05,1.0598742063723096e-05,4e-06,2.5e-05,1502.250957,1814.5679903333332,773.2022180650561,1246.374919,2695.078095,4814.0,5818.0,1993.6017656492984,4526,8114,0.0,0.0,0.0,0,0,0.0,0.0,0.0,0,0,0.0,0.0,0.0,0,0
steal_attempts,abp,13,8,6,4096,4,8,0.046207,0.046782333333333335,0.0014193298888325195,0.045741,0.048399,0.792931807,0.7836538716666667,0.023416785662090725,0.757019773,0.801010035,3384205.856256,3344607.945517333,99942.0402066829,3230934.523441,3418683.456855,172.0,200.0,62.864934582006846,156,272,227.0,251.33333333333334,162.86906806798316,102,425,1.0,3.0,4.358898943540674,0,8,1e-06,3e-06,3.4641016151377547e-06,1e-06,7e-06,2464.569574,2220.274374666667,484.1373314545656,1662.66283,2533.59072,6661.0,6919.0,1881.3152314272056,5180,8916,0.0,0.0,0.0,0,0,0.0,0.0,0.0,0,0,0.0,0.0,0.0,0,0
steal_attempts,abp,13,8,6,4096,4,16,0.054256,0.052722,0.0055231501880720225,0.046594,0.057316,0.675298584,0.7002966836666666,0.07667009154474909,0.639245586,0.786345881,2882151.282807,2988842.3170323335,327225.33173733094,2728278.3167,3356097.35159,190.0,187.0,7.0,179,192,980.0,1936.3333333333333,2420.5950370380697,140,4689,14.0,13.0,9.539392014169456,3,22,9e-06,1.3333333333333335e-05,1.5947831618540915e-05,0.0,3.1e-05,1786.875608,1689.2784096666667,368.21795604014545,1282.093771,1998.86585,5068.0,5154.333333333333,1130.9740639525442,4069,6326,0.0,0.0,0.0,0,0,0.0,0.0,0.0,0,0,0.0,0.0,0.0,0,0
steal_attempts,abp,13,8,6,4096,4,32,0.045131,0.04421133333333333,0.0025900000643500646,0.041287,0.046216,0.811836653,0.8306787456666666,0.05005674569086209,0.792777393,0.887422191,3464891.094813,3545308.501772,213640.47970016417,3383546.823611,3787487.586892,158.0,180.0,43.40506882842141,152,230,381.0,1678.3333333333333,2357.0085560585762,255,4399,5.0,4.666666666666667,3.5118845842842465,1,8,1e-06,3.3333333333333337e-06,4.932882862316247e-06,0.0,9e-06,1215.5444,1468.6577623333333,611.7891569078645,1024.043548,2166.385339,3311.0,4224.333333333333,1896.7892168961037,2957,6405,0.0,0.0,0.0,0,0,0.0,0.0,0.0,0,0,0.0,0.0,0.0,0,0
steal_attempts,chaselev,13,8,6,4096,4,1,0.051025,0.052657666666666665,0.005097039271315588,0.048577,0.058371,0.718059775,0.6999991483333333,0.06518142878767341,0.627691833,0.754245837,3064654.581088,2987572.4443966667,278192.1089883486,2678967.295404,3219095.456698,189.0,201.66666666666666,38.59188170241681,171,245,83.0,133.0,90.08884503644167,79,237,6.0,5.333333333333333,2.081665999466133,3,7,8e-06,2.1e-05,2.6962937525425525e-05,3e-06,5.2e-05,1921.983464,2693.2921659999997,1559.508734861743,1669.734092,4488.158942,5806.0,8695.666666666666,5443.805684751554,5306,14975,0.0,0.0,0.0,0,0,15.0,15.333333333333334,0.5773502691896258,15,16,0.0,0.0,0.0,0,0
steal_attempts,chaselev,13,8,6,4096,4,2,0.051362,0.05039966666666667,0.0021155718691014285,0.047974,0.051863,0.71334839,0.7278439906666666,0.0312653218240727,0.706457397,0.763726185,3044546.551926,3106413.281192333,133439.32480428304,3015136.031468,3259557.260183,201.0,197.0,9.643650760992955,186,204,125.0,136.0,84.04165633779478,58,225,6.0,5.333333333333333,2.081665999466133,3,7,4e-06,4.666666666666666e-06,3.055050463303893e-06,2e-06,8e-06,2185.700503,2207.1812963333336,1131.4791737471794,1086.595457,3349.247929,6601.0,6398.0,2432.8602508158992,3870,8723,0.0,0.0,0.0,0,0,15.0,15.333333333333334,0.5773502691896258,15,16,0.0,0.0,0.0,0,0
steal_attempts,chaselev,13,8,6,4096,4,4,0.051352,0.053391,0.004247004473743815,0.050548,0.058273,0.713487303,0.6890235166666666,0.05250809963125117,0.628747447,0.7248358,3045139.429818,2940728.8247936666,224102.77386472045,2683472.620253,3093574.42431,186.0,182.66666666666666,11.372481406154657,170,192,472.0,560.0,441.62540687781996,169,1039,7.0,9.666666666666666,6.429100507328636,5,17,7e-06,7.666666666666667e-06,8.020806277010642e-06,0.0,1.6e-05,2513.460401,3256.7161856666667,1765.9918775549356,1983.836419,5272.851737,8595.0,9698.333333333334,3429.787797128757,6956,13544,0.0,0.0,0.0,0,0,16.0,15.666666666666666,0.5773502691896258,15,16,0.0,0.0,0.0,0,0
steal_attempts,chaselev,13,8,6,4096,4,8,0.051573,0.053305,0.004782316279795807,0.04963,0.058712,0.710429876,0.6909063553333333,0.05954916892423213,0.624046192,0.738242998,3032090.434917,2948764.715243,254153.81949294673,2663407.821229,3150795.889583,190.0,204.0,38.93584466786357,174,248,507.0,473.0,292.4858970959113,165,747,6.0,6.333333333333333,2.5166114784235836,4,9,4e-06,3.6666666666666666e-06,3.5118845842842462e-06,0.0,7e-06,1807.564504,1862.378821,1011.4609959994973,879.439559,2900.1324,6447.0,5948.333333333333,3221.081391913798,2507,8891,0.0,0.0,0.0,0,0,16.0,15.333333333333334,1.1547005383792515,14,16,0.0,0.0,0.0,0,0
steal_attempts,chaselev,13,8,6,4096,4,16,0.052613,0.054435333333333336,0.005797442223371727,0.049768,0.060925,0.696386825,0.6779871726666666,0.0692663705956481,0.601378744,0.736195949,2972155.170775,2893626.0854383335,295626.50205076643,2566663.931063,3142059.154477,193.0,186.0,18.520259177452136,165,200,588.0,713.0,512.0732369495598,275,1276,4.0,4.0,2.0,2,6,2e-06,4e-06,3.4641016151377543e-06,2e-06,8e-06,1809.593238,1678.7003026666669,232.776388115478,1409.943416,1816.564254,4980.0,4856.666666666667,701.1828102095296,4102,5488,0.0,0.0,0.0,0,0,15.0,15.0,1.0,14,16,0.0,0.0,0.0,0,0
steal_attempts,chaselev,13,8,6,4096,4,32,0.052746,0.052556,0.005994258836586884,0.046469,0.058453,0.694630872,0.7033010936666666,0.08117294704298458,0.626811284,0.788461125,2964660.827361,3001665.035645667,346443.3626775085,2675209.142388,3365125.137188,170.0,169.66666666666666,13.5030860670194,156,183,427.0,498.0,282.27823153760903,258,809,4.0,4.0,2.0,2,6,1e-06,1.3333333333333332e-06,1.5275252316519466e-06,0.0,3e-06,2720.651978,3070.9027886666663,1897.059730646119,1373.37529,5118.681098,9254.0,8719.333333333334,4997.4971068859395,3476,13428,0.0,0.0,0.0,0,0,15.0,15.0,0.0,15,15,0.0,0.0,0.0,0,0
